Student_ID,Student Full Name,Class,Section,Gender,Telugu,Hindi,English,Maths,Science,Social,Total_Marks,Percentage,Status (Pass/Fail)
STU0001,Rahul Prasad,7,B,Male,32,28,84,26,90,69,329,54.83,Fail
STU0002,Rahul Sharma,7,B,Male,79,92,18,86,40,98,413,68.83,Fail
STU0003,Mounika Goud,10,C,Female,15,35,69,58,50,34,261,43.5,Fail
STU0004,Pavan Murthy,6,A,Male,63,27,60,59,92,48,349,58.17,Fail
STU0005,Charan Goud,10,A,Male,63,25,85,52,95,94,414,69.0,Fail
STU0006,Tejaswi Varma,6,A,Female,99,44,52,25,44,27,291,48.5,Fail
STU0007,Bhavani Goud,8,B,Female,62,60,41,100,49,97,409,68.17,Pass
STU0008,Manoj Gupta,10,B,Male,35,74,63,49,96,86,403,67.17,Pass
STU0009,Varun Murthy,6,B,Male,19,55,66,49,23,42,254,42.33,Fail
STU0010,Sravani Raju,9,D,Female,33,48,32,46,86,83,328,54.67,Fail
STU0011,Vaishali Iyer,9,D,Female,61,43,32,80,78,26,320,53.33,Fail
STU0012,Sai Kumar,7,B,Male,69,91,23,64,63,91,401,66.83,Fail
STU0013,Manasa Prasad,10,A,Female,29,83,49,97,58,29,345,57.5,Fail
STU0014,Jyothi Gupta,9,A,Female,48,79,37,79,28,95,366,61.0,Fail
STU0015,Rithika Shetty,10,B,Female,34,62,35,84,82,15,312,52.0,Fail
STU0016,Anusha Reddy,6,C,Female,54,45,22,45,87,25,278,46.33,Fail
STU0017,Charan Raju,6,B,Male,31,99,75,85,36,48,374,62.33,Fail
STU0018,Sravani Das,7,C,Female,66,100,98,62,71,81,478,79.67,Pass
STU0019,Keerthi Chand,7,A,Female,58,17,90,85,44,90,384,64.0,Fail
STU0020,Rahul Sharma,6,B,Male,23,19,57,24,80,45,248,41.33,Fail
STU0021,Pranavi Raju,7,B,Female,88,88,75,46,75,67,439,73.17,Pass
STU0022,Arun Kumar,9,C,Male,69,67,74,21,98,97,426,71.0,Fail
STU0023,Venkat Singh,8,A,Male,46,39,39,83,72,32,311,51.83,Fail
STU0024,Anitha Prasad,9,B,Female,24,71,85,27,21,98,326,54.33,Fail
STU0025,Srinivas Chand,7,D,Male,77,76,42,66,22,36,319,53.17,Fail
STU0026,Priya Singh,8,D,Female,51,69,86,99,77,34,416,69.33,Fail
STU0027,Prasad Varma,6,A,Male,55,22,21,89,76,79,342,57.0,Fail
STU0028,Venkat Shetty,6,B,Male,23,91,23,45,66,30,278,46.33,Fail
STU0029,Deepak Nair,6,A,Male,68,99,89,87,81,55,479,79.83,Pass
STU0030,Sravani Murthy,7,C,Female,65,31,100,97,53,73,419,69.83,Fail
STU0031,Deepika Sharma,6,D,Female,94,87,27,24,83,42,357,59.5,Fail
STU0032,Lakshmi Patel,6,B,Female,62,51,35,71,84,53,356,59.33,Pass
STU0033,Varun Das,8,A,Male,32,48,29,28,85,34,256,42.67,Fail
STU0034,Sirisha Nair,7,C,Female,41,96,48,79,77,47,388,64.67,Pass
STU0035,Srinivas Chowdary,8,A,Male,15,57,31,96,48,35,282,47.0,Fail
STU0036,Sahithi Chowdary,10,A,Female,29,24,34,84,19,62,252,42.0,Fail
STU0037,Sanjay Rao,6,C,Male,61,20,60,41,46,100,328,54.67,Fail
STU0038,Rajesh Das,9,B,Male,45,35,37,67,18,37,239,39.83,Fail
STU0039,Pooja Chowdary,7,C,Female,35,28,63,19,75,43,263,43.83,Fail
STU0040,Nikhil Goud,8,C,Male,44,43,18,99,39,66,309,51.5,Fail
STU0041,Bhavani Sharma,8,C,Female,97,80,66,83,57,18,401,66.83,Fail
STU0042,Krishna Prasad,7,C,Male,19,28,91,70,59,55,322,53.67,Fail
STU0043,Lavanya Shetty,6,D,Female,88,39,47,20,70,15,279,46.5,Fail
STU0044,Rajesh Chowdary,6,C,Male,94,55,99,30,53,79,410,68.33,Fail
STU0045,Pranavi Chowdary,8,D,Female,52,85,31,39,68,100,375,62.5,Fail
STU0046,Pranavi Gupta,10,C,Female,66,85,15,53,51,41,311,51.83,Fail
STU0047,Pooja Iyer,10,C,Female,74,71,71,42,80,75,413,68.83,Pass
STU0048,Varun Sharma,8,C,Male,26,45,54,43,40,33,241,40.17,Fail
STU0049,Venkat Chand,9,A,Male,73,68,95,88,39,64,427,71.17,Pass
STU0050,Revathi Chand,7,A,Female,28,69,43,37,81,74,332,55.33,Fail
STU0051,Naresh Chand,6,D,Male,32,74,100,82,86,91,465,77.5,Fail
STU0052,Sneha Goud,10,D,Female,85,72,35,75,72,48,387,64.5,Pass
STU0053,Nikhil Prasad,10,D,Male,95,45,50,71,24,51,336,56.0,Fail
STU0054,Ganesh Murthy,8,A,Male,32,34,44,64,34,42,250,41.67,Fail
STU0055,Sanjay Chowdary,8,D,Male,68,22,41,68,64,89,352,58.67,Fail
STU0056,Sai Iyer,9,D,Male,15,60,53,64,68,83,343,57.17,Fail
STU0057,Ajay Chand,8,D,Male,77,18,64,58,100,66,383,63.83,Fail
STU0058,Nikhil Goud,7,A,Male,65,90,87,99,18,25,384,64.0,Fail
STU0059,Lakshmi Goud,7,A,Female,48,63,56,42,73,56,338,56.33,Pass
STU0060,Sneha Singh,8,D,Female,47,25,75,17,84,21,269,44.83,Fail
STU0061,Mounika Sharma,6,A,Female,46,40,17,94,34,45,276,46.0,Fail
STU0062,Ajay Kumar,10,B,Male,74,47,62,36,92,92,403,67.17,Pass
STU0063,Pavan Gupta,8,A,Male,89,18,54,88,63,65,377,62.83,Fail
STU0064,Srinivas Iyer,7,A,Male,53,91,30,87,20,59,340,56.67,Fail
STU0065,Pranavi Patel,6,C,Female,16,68,77,28,70,61,320,53.33,Fail
STU0066,Hasini Rao,9,B,Female,81,98,49,93,83,76,480,80.0,Pass
STU0067,Jyothi Iyer,8,C,Female,46,26,50,72,46,74,314,52.33,Fail
STU0068,Kavitha Reddy,9,C,Female,38,77,42,60,48,58,323,53.83,Pass
STU0069,Nandini Nair,8,A,Female,81,39,25,45,67,77,334,55.67,Fail
STU0070,Tarun Raju,9,D,Male,17,26,52,43,66,46,250,41.67,Fail
STU0071,Pranavi Iyer,8,D,Female,85,82,59,69,85,57,437,72.83,Pass
STU0072,Hasini Goud,8,C,Female,47,44,30,39,55,30,245,40.83,Fail
STU0073,Suresh Varma,9,C,Male,90,82,91,51,27,39,380,63.33,Fail
STU0074,Mounika Patel,7,C,Female,16,83,31,50,20,21,221,36.83,Fail
STU0075,Hasini Rao,9,A,Female,16,88,51,75,76,71,377,62.83,Fail
STU0076,Anitha Naidu,8,D,Female,29,23,66,77,24,88,307,51.17,Fail
STU0077,Kiran Rao,10,C,Male,25,46,30,86,68,92,347,57.83,Fail
STU0078,Pavan Shetty,9,D,Male,71,53,90,69,54,87,424,70.67,Pass
STU0079,Manoj Kumar,7,B,Male,48,99,25,35,45,37,289,48.17,Fail
STU0080,Ravi Reddy,9,D,Male,91,75,52,19,44,51,332,55.33,Fail
STU0081,Hasini Goud,6,B,Female,48,95,90,99,40,69,441,73.5,Pass
STU0082,Naresh Chand,7,C,Male,33,24,22,36,54,91,260,43.33,Fail
STU0083,Sunitha Kumar,9,C,Female,66,49,79,84,78,71,427,71.17,Pass
STU0084,Manoj Naidu,9,C,Male,92,47,18,26,44,88,315,52.5,Fail
STU0085,Pavan Prasad,10,A,Male,37,75,81,98,71,50,412,68.67,Pass
STU0086,Deepak Chowdary,9,A,Male,75,59,67,57,56,100,414,69.0,Pass
STU0087,Sai Gupta,8,D,Male,78,51,99,66,85,19,398,66.33,Fail
STU0088,Divya Murthy,8,C,Female,29,66,80,15,99,84,373,62.17,Fail
STU0089,Jyothi Naidu,7,C,Female,94,78,95,71,21,41,400,66.67,Fail
STU0090,Sahithi Rao,8,D,Female,77,30,18,95,92,45,357,59.5,Fail
STU0091,Prasad Das,6,D,Male,26,43,29,74,30,97,299,49.83,Fail
STU0092,Ajay Babu,10,C,Male,68,76,75,46,73,85,423,70.5,Pass
STU0093,Vijay Varma,10,B,Male,23,50,68,58,79,49,327,54.5,Fail
STU0094,Prasad Babu,10,D,Male,34,72,83,76,59,57,381,63.5,Fail
STU0095,Sunitha Murthy,7,B,Female,88,64,44,67,20,55,338,56.33,Fail
STU0096,Hasini Singh,9,B,Female,78,19,31,79,90,57,354,59.0,Fail
STU0097,Sai Goud,6,D,Male,16,33,67,98,34,24,272,45.33,Fail
STU0098,Pooja Prasad,8,D,Female,98,25,57,83,63,55,381,63.5,Fail
STU0099,Sanjana Das,6,A,Female,45,95,51,44,26,70,331,55.17,Fail
STU0100,Pavan Kumar,9,B,Male,53,18,20,56,22,52,221,36.83,Fail
STU0101,Madhavi Chowdary,7,B,Female,82,67,87,38,36,37,347,57.83,Pass
STU0102,Manoj Singh,10,B,Male,78,89,33,44,74,96,414,69.0,Fail
STU0103,Sunitha Prasad,6,D,Female,51,84,35,24,71,59,324,54.0,Fail
STU0104,Meghana Chowdary,8,D,Female,53,40,64,76,28,45,306,51.0,Fail
STU0105,Tejaswi Patel,10,C,Female,52,17,99,65,50,16,299,49.83,Fail
STU0106,Vamsi Nair,9,C,Male,44,92,60,43,96,39,374,62.33,Pass
STU0107,Pranavi Rao,6,A,Female,54,71,19,89,61,31,325,54.17,Fail
STU0108,Vamsi Babu,8,D,Male,37,40,31,84,61,82,335,55.83,Fail
STU0109,Rithika Gupta,8,D,Female,52,58,29,74,24,33,270,45.0,Fail
STU0110,Sai Singh,10,C,Male,26,65,16,48,83,30,268,44.67,Fail
STU0111,Madhavi Prasad,10,D,Female,96,62,28,44,75,18,323,53.83,Fail
STU0112,Deepika Nair,7,A,Female,96,74,53,98,67,29,417,69.5,Fail
STU0113,Venkat Naidu,8,D,Male,29,27,45,83,32,64,280,46.67,Fail
STU0114,Madhavi Das,9,B,Female,68,98,27,77,93,67,430,71.67,Fail
STU0115,Swathi Patel,7,D,Female,71,45,61,27,62,84,350,58.33,Fail
STU0116,Swathi Singh,8,B,Female,30,73,26,99,42,97,367,61.17,Fail
STU0117,Venkat Murthy,7,B,Male,87,41,23,85,41,90,367,61.17,Fail
STU0118,Nikhil Chand,8,B,Male,91,15,50,33,31,84,304,50.67,Fail
STU0119,Pooja Gupta,6,A,Female,31,16,60,45,90,56,298,49.67,Fail
STU0120,Ravi Prasad,6,B,Male,68,82,29,23,75,72,349,58.17,Fail
STU0121,Manasa Iyer,6,D,Female,79,43,93,20,99,81,415,69.17,Fail
STU0122,Sunitha Reddy,6,D,Female,66,69,28,77,71,24,335,55.83,Fail
STU0123,Harish Nair,7,A,Male,31,50,94,96,89,85,445,74.17,Fail
STU0124,Revathi Nair,10,C,Female,73,79,92,70,27,29,370,61.67,Fail
STU0125,Sanjay Goud,7,D,Male,58,73,66,68,27,55,347,57.83,Fail
STU0126,Kavitha Prasad,8,B,Female,75,23,26,25,26,70,245,40.83,Fail
STU0127,Charan Patel,7,A,Male,90,86,86,57,100,30,449,74.83,Fail
STU0128,Madhavi Chowdary,6,C,Female,91,54,60,28,88,79,400,66.67,Fail
STU0129,Kiran Raju,7,A,Male,59,86,62,29,50,88,374,62.33,Fail
STU0130,Rohit Chowdary,10,A,Male,92,99,49,18,38,49,345,57.5,Fail
STU0131,Deepika Murthy,8,A,Female,38,33,87,99,66,23,346,57.67,Fail
STU0132,Charan Reddy,6,B,Male,63,68,73,58,35,62,359,59.83,Pass
STU0133,Vaishali Murthy,10,A,Female,21,34,35,94,21,25,230,38.33,Fail
STU0134,Sunitha Chowdary,9,D,Female,68,49,42,80,29,59,327,54.5,Fail
STU0135,Keerthi Babu,10,D,Female,82,100,54,20,43,65,364,60.67,Fail
STU0136,Rahul Varma,8,B,Male,32,47,52,56,30,15,232,38.67,Fail
STU0137,Vaishali Chowdary,7,B,Female,63,83,44,79,86,100,455,75.83,Pass
STU0138,Divya Singh,6,D,Female,17,73,24,55,88,69,326,54.33,Fail
STU0139,Hasini Chowdary,8,A,Female,66,17,56,36,94,73,342,57.0,Fail
STU0140,Divya Chowdary,6,B,Female,70,90,66,82,25,65,398,66.33,Fail
STU0141,Vaishali Murthy,7,C,Female,36,24,80,96,29,82,347,57.83,Fail
STU0142,Krishna Patel,8,B,Male,45,28,33,47,40,37,230,38.33,Fail
STU0143,Pavan Sharma,7,D,Male,74,87,89,72,87,97,506,84.33,Pass
STU0144,Sanjana Murthy,7,D,Female,23,75,71,95,53,50,367,61.17,Fail
STU0145,Rajesh Shetty,6,C,Male,74,72,19,22,62,51,300,50.0,Fail
STU0146,Arjun Sharma,10,D,Male,74,89,85,20,72,88,428,71.33,Fail
STU0147,Harish Nair,9,B,Male,22,72,28,58,25,79,284,47.33,Fail
STU0148,Venkat Chand,9,D,Male,82,81,93,35,61,62,414,69.0,Pass
STU0149,Revathi Chowdary,8,A,Female,95,97,57,23,57,27,356,59.33,Fail
STU0150,Sirisha Prasad,10,B,Female,57,25,89,99,33,59,362,60.33,Fail
STU0151,Meghana Singh,7,A,Female,54,86,63,97,57,31,388,64.67,Fail
STU0152,Arjun Chowdary,10,C,Male,17,61,54,38,42,58,270,45.0,Fail
STU0153,Sravani Chand,7,B,Female,24,52,27,79,84,82,348,58.0,Fail
STU0154,Varun Murthy,10,B,Male,91,63,34,35,38,94,355,59.17,Fail
STU0155,Charan Goud,6,D,Male,61,45,71,93,51,72,393,65.5,Pass
STU0156,Naresh Chand,8,D,Male,39,62,88,71,74,51,385,64.17,Pass
STU0157,Manasa Shetty,9,B,Female,40,92,32,47,21,97,329,54.83,Fail
STU0158,Sanjana Patel,10,A,Female,81,30,51,25,35,49,271,45.17,Fail
STU0159,Nandini Shetty,7,D,Female,26,43,72,59,18,68,286,47.67,Fail
STU0160,Vijay Shetty,8,B,Male,64,25,62,43,18,55,267,44.5,Fail
STU0161,Nikhil Murthy,7,B,Male,19,51,75,32,75,72,324,54.0,Fail
STU0162,Krishna Sharma,6,C,Male,42,34,85,92,82,69,404,67.33,Fail
STU0163,Pavan Babu,7,C,Male,30,21,45,68,96,94,354,59.0,Fail
STU0164,Divya Kumar,9,A,Female,95,80,88,45,33,52,393,65.5,Fail
STU0165,Priya Nair,8,B,Female,88,68,38,100,100,25,419,69.83,Fail
STU0166,Divya Shetty,10,A,Female,64,75,20,96,64,62,381,63.5,Fail
STU0167,Vaishali Reddy,8,A,Female,59,45,99,95,28,89,415,69.17,Fail
STU0168,Lakshmi Naidu,8,C,Female,97,37,74,76,95,38,417,69.5,Pass
STU0169,Srinivas Goud,6,C,Male,40,20,40,20,55,54,229,38.17,Fail
STU0170,Rithika Das,9,C,Female,19,97,39,51,60,21,287,47.83,Fail
STU0171,Bhavani Kumar,8,D,Female,66,71,64,58,38,78,375,62.5,Pass
STU0172,Madhavi Shetty,8,A,Female,69,25,70,92,38,84,378,63.0,Fail
STU0173,Kavitha Kumar,6,C,Female,99,52,54,72,92,69,438,73.0,Pass
STU0174,Tarun Goud,8,D,Male,20,60,93,70,50,96,389,64.83,Fail
STU0175,Srinivas Singh,8,B,Male,18,33,92,71,19,31,264,44.0,Fail
STU0176,Mahesh Patel,8,D,Male,87,19,92,34,72,62,366,61.0,Fail
STU0177,Sunitha Sharma,10,B,Female,82,61,65,55,98,50,411,68.5,Pass
STU0178,Arun Reddy,7,D,Male,81,64,86,30,48,48,357,59.5,Fail
STU0179,Sravani Nair,8,D,Female,40,30,32,24,72,37,235,39.17,Fail
STU0180,Divya Murthy,8,A,Female,85,84,52,53,35,96,405,67.5,Pass
STU0181,Rohit Patel,10,B,Male,30,40,32,45,78,18,243,40.5,Fail
STU0182,Sahithi Iyer,8,D,Female,85,31,93,26,23,54,312,52.0,Fail
STU0183,Hasini Raju,10,D,Female,67,88,24,31,55,97,362,60.33,Fail
STU0184,Naveen Goud,10,C,Male,31,85,96,90,38,31,371,61.83,Fail
STU0185,Manasa Naidu,6,B,Female,53,36,35,56,43,59,282,47.0,Pass
STU0186,Sanjana Sharma,8,B,Female,96,85,50,31,95,53,410,68.33,Fail
STU0187,Ramesh Gupta,10,B,Male,36,99,94,92,58,87,466,77.67,Pass
STU0188,Nikhil Reddy,6,A,Male,97,88,48,98,41,88,460,76.67,Pass
STU0189,Lavanya Reddy,9,C,Female,97,53,76,46,66,53,391,65.17,Pass
STU0190,Divya Naidu,7,D,Female,68,76,74,41,58,92,409,68.17,Pass
STU0191,Harish Murthy,8,D,Male,31,62,80,86,28,55,342,57.0,Fail
STU0192,Naveen Kumar,8,D,Male,46,33,27,21,52,64,243,40.5,Fail
STU0193,Mounika Gupta,8,C,Female,39,35,78,80,74,78,384,64.0,Pass
STU0194,Anusha Reddy,6,D,Female,79,73,45,42,89,60,388,64.67,Pass
STU0195,Venkat Babu,9,D,Male,51,83,16,28,70,32,280,46.67,Fail
STU0196,Vaishali Patel,9,C,Female,20,66,21,87,86,39,319,53.17,Fail
STU0197,Sahithi Babu,6,D,Female,79,72,85,50,94,93,473,78.83,Pass
STU0198,Kiran Kumar,9,C,Male,58,86,61,33,40,92,370,61.67,Fail
STU0199,Manasa Naidu,6,A,Female,32,57,75,81,73,34,352,58.67,Fail
STU0200,Harish Nair,8,B,Male,65,93,53,90,58,79,438,73.0,Pass
STU0201,Hasini Iyer,8,D,Female,17,62,57,29,68,89,322,53.67,Fail
STU0202,Pooja Reddy,10,D,Female,48,98,89,88,44,21,388,64.67,Fail
STU0203,Anitha Shetty,10,D,Female,33,46,19,88,29,39,254,42.33,Fail
STU0204,Naveen Murthy,9,B,Male,67,41,67,79,93,75,422,70.33,Pass
STU0205,Tarun Rao,10,B,Male,86,56,99,76,82,63,462,77.0,Pass
STU0206,Anitha Goud,10,C,Female,84,60,97,48,93,76,458,76.33,Pass
STU0207,Mahesh Prasad,10,C,Male,43,53,51,41,77,55,320,53.33,Pass
STU0208,Madhavi Das,8,C,Female,30,88,84,63,65,59,389,64.83,Fail
STU0209,Prasad Naidu,8,A,Male,59,71,98,47,76,42,393,65.5,Pass
STU0210,Nikhil Das,8,C,Male,32,28,93,90,45,46,334,55.67,Fail
STU0211,Varun Shetty,7,B,Male,21,27,67,57,75,27,274,45.67,Fail
STU0212,Rahul Das,7,D,Male,98,75,76,98,40,51,438,73.0,Pass
STU0213,Sirisha Naidu,6,B,Female,83,19,37,68,37,19,263,43.83,Fail
STU0214,Pooja Raju,7,C,Female,19,16,53,87,92,28,295,49.17,Fail
STU0215,Sirisha Goud,10,D,Female,32,79,74,49,39,29,302,50.33,Fail
STU0216,Anitha Goud,8,B,Female,16,58,52,87,39,37,289,48.17,Fail
STU0217,Rithika Chowdary,10,C,Female,26,66,100,27,38,32,289,48.17,Fail
STU0218,Kavitha Chand,6,C,Female,64,45,72,49,57,53,340,56.67,Pass
STU0219,Ganesh Patel,7,A,Male,100,30,74,54,35,66,359,59.83,Fail
STU0220,Hasini Kumar,8,C,Female,93,43,43,32,76,34,321,53.5,Fail
STU0221,Vaishali Nair,8,D,Female,85,75,83,100,42,46,431,71.83,Pass
STU0222,Ramesh Goud,10,C,Male,24,87,29,22,85,79,326,54.33,Fail
STU0223,Deepak Das,7,B,Male,56,81,71,29,41,89,367,61.17,Fail
STU0224,Divya Shetty,9,A,Female,73,31,80,68,73,87,412,68.67,Fail
STU0225,Naresh Goud,8,A,Male,65,47,15,42,89,24,282,47.0,Fail
STU0226,Sanjay Patel,6,A,Male,23,75,19,51,67,38,273,45.5,Fail
STU0227,Pavan Chowdary,8,D,Male,72,63,63,25,99,84,406,67.67,Fail
STU0228,Arjun Patel,6,B,Male,83,65,82,31,43,15,319,53.17,Fail
STU0229,Prasad Goud,10,D,Male,83,63,44,46,73,59,368,61.33,Pass
STU0230,Ganesh Varma,6,A,Male,99,68,93,17,45,41,363,60.5,Fail
STU0231,Arun Nair,6,D,Male,91,21,46,20,66,71,315,52.5,Fail
STU0232,Naresh Varma,6,B,Male,79,52,44,88,55,88,406,67.67,Pass
STU0233,Mounika Babu,7,B,Female,67,53,50,22,86,90,368,61.33,Fail
STU0234,Arjun Chowdary,10,D,Male,21,59,97,100,63,82,422,70.33,Fail
STU0235,Hasini Chowdary,9,B,Female,53,63,38,83,75,45,357,59.5,Pass
STU0236,Prasad Rao,9,A,Male,86,67,68,86,82,32,421,70.17,Fail
STU0237,Mounika Prasad,7,C,Female,97,25,72,62,26,83,365,60.83,Fail
STU0238,Venkat Prasad,9,A,Male,24,39,90,100,86,42,381,63.5,Fail
STU0239,Sravani Murthy,8,A,Female,42,39,30,76,46,92,325,54.17,Fail
STU0240,Vijay Chand,10,C,Male,51,63,74,83,98,60,429,71.5,Pass
STU0241,Bhavani Patel,10,D,Female,74,27,75,55,41,62,334,55.67,Fail
STU0242,Jyothi Naidu,10,B,Female,33,17,48,85,89,89,361,60.17,Fail
STU0243,Sirisha Rao,7,C,Female,44,63,87,46,78,85,403,67.17,Pass
STU0244,Bhavani Raju,9,D,Female,36,60,36,32,84,77,325,54.17,Fail
STU0245,Vamsi Das,6,A,Male,24,100,21,15,67,32,259,43.17,Fail
STU0246,Srinivas Rao,6,B,Male,79,73,62,22,94,96,426,71.0,Fail
STU0247,Pranavi Raju,6,A,Female,83,85,67,16,17,82,350,58.33,Fail
STU0248,Sahithi Babu,6,D,Female,37,28,27,82,34,45,253,42.17,Fail
STU0249,Manoj Shetty,8,C,Male,49,65,25,62,66,73,340,56.67,Fail
STU0250,Tarun Chand,8,A,Male,98,98,19,26,66,63,370,61.67,Fail
STU0251,Sahithi Raju,6,A,Female,36,25,78,70,97,57,363,60.5,Fail
STU0252,Krishna Shetty,6,B,Male,42,87,75,49,20,24,297,49.5,Fail
STU0253,Nandini Das,10,A,Female,37,55,17,41,90,33,273,45.5,Fail
STU0254,Deepika Sharma,8,B,Female,87,45,87,64,84,57,424,70.67,Pass
STU0255,Sneha Rao,6,C,Female,21,27,70,44,24,58,244,40.67,Fail
STU0256,Sneha Murthy,6,C,Female,72,77,44,60,85,63,401,66.83,Pass
STU0257,Anitha Iyer,9,A,Female,94,52,46,24,25,49,290,48.33,Fail
STU0258,Vijay Rao,9,C,Male,61,28,26,15,54,71,255,42.5,Fail
STU0259,Sneha Prasad,6,B,Female,26,38,70,72,86,86,378,63.0,Fail
STU0260,Keerthi Reddy,6,C,Female,85,26,91,91,56,64,413,68.83,Fail
STU0261,Prasad Chowdary,9,A,Male,86,46,88,81,36,63,400,66.67,Pass
STU0262,Kiran Prasad,8,C,Male,78,33,23,36,70,50,290,48.33,Fail
STU0263,Sirisha Raju,6,C,Female,47,46,95,78,91,93,450,75.0,Pass
STU0264,Naveen Kumar,7,C,Male,15,65,57,94,63,57,351,58.5,Fail
STU0265,Kavitha Chowdary,10,B,Female,53,56,92,40,76,55,372,62.0,Pass
STU0266,Vijay Murthy,8,D,Male,88,46,56,63,50,65,368,61.33,Pass
STU0267,Keerthi Iyer,7,B,Female,85,18,74,41,71,52,341,56.83,Fail
STU0268,Nikhil Chowdary,9,B,Male,96,53,45,47,99,34,374,62.33,Fail
STU0269,Pooja Singh,6,D,Female,91,76,89,66,83,79,484,80.67,Pass
STU0270,Sahithi Naidu,8,A,Female,28,46,99,100,60,36,369,61.5,Fail
STU0271,Deepak Singh,8,D,Male,28,16,27,48,43,80,242,40.33,Fail
STU0272,Naveen Patel,9,D,Male,90,79,34,59,18,76,356,59.33,Fail
STU0273,Prasad Chowdary,6,A,Male,33,59,54,58,73,41,318,53.0,Fail
STU0274,Madhavi Raju,6,D,Female,72,55,23,53,20,29,252,42.0,Fail
STU0275,Sai Murthy,6,B,Male,46,81,37,85,35,57,341,56.83,Pass
STU0276,Sunitha Chand,9,B,Female,38,96,99,70,65,18,386,64.33,Fail
STU0277,Naveen Iyer,9,D,Male,15,42,41,50,23,88,259,43.17,Fail
STU0278,Rohit Das,7,C,Male,56,40,73,29,48,100,346,57.67,Fail
STU0279,Manasa Murthy,10,D,Female,93,65,90,29,59,60,396,66.0,Fail
STU0280,Lavanya Gupta,8,A,Female,32,55,30,45,54,29,245,40.83,Fail
STU0281,Rajesh Rao,10,D,Male,68,91,32,88,64,69,412,68.67,Fail
STU0282,Ajay Das,7,B,Male,77,51,32,38,55,72,325,54.17,Fail
STU0283,Sai Patel,6,D,Male,32,39,64,86,79,98,398,66.33,Fail
STU0284,Jyothi Raju,9,D,Female,77,36,25,87,18,43,286,47.67,Fail
STU0285,Swathi Prasad,7,C,Female,36,73,87,78,85,80,439,73.17,Pass
STU0286,Deepak Kumar,8,C,Male,84,20,71,84,42,69,370,61.67,Fail
STU0287,Charan Chand,8,A,Male,72,48,59,26,71,30,306,51.0,Fail
STU0288,Suresh Iyer,8,D,Male,36,93,32,41,41,22,265,44.17,Fail
STU0289,Sahithi Prasad,10,B,Female,56,52,52,88,49,80,377,62.83,Pass
STU0290,Kiran Chowdary,6,C,Male,98,31,31,46,33,56,295,49.17,Fail
STU0291,Pavan Singh,9,B,Male,88,95,49,95,68,63,458,76.33,Pass
STU0292,Divya Sharma,9,C,Female,62,73,77,56,89,15,372,62.0,Fail
STU0293,Charan Goud,8,A,Male,83,65,42,69,42,78,379,63.17,Pass
STU0294,Kavitha Babu,8,B,Female,87,77,58,21,20,27,290,48.33,Fail
STU0295,Priya Kumar,7,D,Female,73,15,69,40,31,98,326,54.33,Fail
STU0296,Anitha Prasad,6,C,Female,47,25,62,100,98,36,368,61.33,Fail
STU0297,Vijay Babu,7,D,Male,98,26,27,15,42,76,284,47.33,Fail
STU0298,Kiran Iyer,7,D,Male,16,16,58,30,69,31,220,36.67,Fail
STU0299,Divya Chand,9,A,Female,28,28,55,62,53,32,258,43.0,Fail
STU0300,Sneha Rao,7,A,Female,82,87,16,93,98,36,412,68.67,Fail
STU0301,Madhavi Varma,7,D,Female,93,71,42,26,27,32,291,48.5,Fail
STU0302,Deepak Singh,8,D,Male,55,32,46,50,97,25,305,50.83,Fail
STU0303,Naresh Nair,10,C,Male,18,99,53,41,81,92,384,64.0,Fail
STU0304,Charan Singh,8,A,Male,45,78,64,29,45,78,339,56.5,Fail
STU0305,Ramesh Reddy,8,C,Male,31,64,87,68,61,84,395,65.83,Fail
STU0306,Pavan Raju,6,A,Male,90,23,16,48,42,20,239,39.83,Fail
STU0307,Rohit Singh,10,C,Male,95,79,68,69,66,25,402,67.0,Fail
STU0308,Ganesh Sharma,8,A,Male,80,41,34,83,56,65,359,59.83,Fail
STU0309,Prasad Chowdary,7,A,Male,46,26,70,29,73,93,337,56.17,Fail
STU0310,Prasad Gupta,6,A,Male,32,16,35,78,59,81,301,50.17,Fail
STU0311,Anitha Patel,7,C,Female,30,18,57,69,49,82,305,50.83,Fail
STU0312,Ganesh Iyer,6,D,Male,73,80,61,22,78,87,401,66.83,Fail
STU0313,Rajesh Gupta,8,A,Male,88,29,44,80,15,20,276,46.0,Fail
STU0314,Mahesh Naidu,9,C,Male,64,34,37,19,85,98,337,56.17,Fail
STU0315,Mounika Murthy,7,D,Female,55,49,24,88,62,30,308,51.33,Fail
STU0316,Ravi Chand,10,A,Male,66,23,74,51,54,56,324,54.0,Fail
STU0317,Naresh Goud,6,C,Male,40,52,87,53,94,46,372,62.0,Pass
STU0318,Madhavi Iyer,9,B,Female,84,46,34,15,67,18,264,44.0,Fail
STU0319,Naresh Patel,6,C,Male,15,99,63,54,28,41,300,50.0,Fail
STU0320,Sanjay Raju,6,B,Male,50,26,20,44,81,67,288,48.0,Fail
STU0321,Sunitha Sharma,10,A,Female,79,32,96,65,24,90,386,64.33,Fail
STU0322,Sanjay Rao,7,C,Male,48,55,65,56,55,72,351,58.5,Pass
STU0323,Mounika Sharma,7,B,Female,89,28,34,28,36,72,287,47.83,Fail
STU0324,Kavitha Chowdary,6,C,Female,41,72,54,74,48,30,319,53.17,Fail
STU0325,Ravi Babu,10,A,Male,42,56,33,26,46,60,263,43.83,Fail
STU0326,Manasa Naidu,8,C,Female,37,18,66,72,86,85,364,60.67,Fail
STU0327,Arun Goud,6,B,Male,30,16,22,43,31,40,182,30.33,Fail
STU0328,Madhavi Sharma,10,C,Female,24,17,23,40,97,71,272,45.33,Fail
STU0329,Srinivas Murthy,6,A,Male,74,21,36,88,70,65,354,59.0,Fail
STU0330,Priya Singh,9,B,Female,60,42,38,50,50,72,312,52.0,Pass
STU0331,Venkat Nair,10,B,Male,97,52,78,67,85,76,455,75.83,Pass
STU0332,Srinivas Prasad,9,B,Male,68,40,97,82,46,95,428,71.33,Pass
STU0333,Vijay Patel,9,D,Male,59,87,79,56,64,49,394,65.67,Pass
STU0334,Rahul Murthy,10,B,Male,18,50,22,75,82,60,307,51.17,Fail
STU0335,Ravi Kumar,7,B,Male,49,83,22,43,88,64,349,58.17,Fail
STU0336,Deepika Gupta,7,B,Female,90,55,60,90,18,60,373,62.17,Fail
STU0337,Deepak Varma,9,C,Male,37,77,19,26,22,44,225,37.5,Fail
STU0338,Rahul Shetty,9,A,Male,57,93,40,31,58,37,316,52.67,Fail
STU0339,Swathi Reddy,7,B,Female,29,82,61,24,62,99,357,59.5,Fail
STU0340,Tejaswi Kumar,8,C,Female,56,32,35,70,96,77,366,61.0,Fail
STU0341,Anitha Das,10,C,Female,43,100,90,37,63,54,387,64.5,Pass
STU0342,Lakshmi Gupta,6,D,Female,87,19,38,92,55,93,384,64.0,Fail
STU0343,Arjun Iyer,6,D,Male,33,57,24,45,59,55,273,45.5,Fail
STU0344,Arjun Sharma,8,D,Male,16,48,41,46,23,59,233,38.83,Fail
STU0345,Pooja Kumar,6,A,Female,64,71,68,36,67,78,384,64.0,Pass
STU0346,Madhavi Das,9,A,Female,76,88,98,43,35,72,412,68.67,Pass
STU0347,Rohit Naidu,8,A,Male,55,48,28,24,58,36,249,41.5,Fail
STU0348,Anitha Sharma,10,A,Female,58,91,93,76,18,70,406,67.67,Fail
STU0349,Manoj Chowdary,7,A,Male,27,57,41,39,67,85,316,52.67,Fail
STU0350,Pranavi Babu,8,B,Female,27,21,65,88,85,77,363,60.5,Fail
STU0351,Venkat Patel,6,D,Male,26,52,99,95,91,76,439,73.17,Fail
STU0352,Arun Reddy,7,B,Male,96,52,25,75,29,54,331,55.17,Fail
STU0353,Anusha Raju,8,A,Female,97,84,64,38,62,63,408,68.0,Pass
STU0354,Anitha Goud,6,C,Female,71,74,48,43,49,87,372,62.0,Pass
STU0355,Kiran Kumar,6,C,Male,84,67,90,44,85,22,392,65.33,Fail
STU0356,Rithika Shetty,9,D,Female,88,45,75,53,25,65,351,58.5,Fail
STU0357,Ramesh Iyer,10,B,Male,30,72,37,36,42,39,256,42.67,Fail
STU0358,Venkat Chowdary,6,D,Male,40,95,33,91,48,55,362,60.33,Fail
STU0359,Srinivas Singh,10,D,Male,85,56,50,81,73,16,361,60.17,Fail
STU0360,Keerthi Chowdary,7,B,Female,87,90,89,27,28,87,408,68.0,Fail
STU0361,Rohit Babu,10,C,Male,67,48,64,98,77,88,442,73.67,Pass
STU0362,Swathi Gupta,8,D,Female,33,94,92,66,19,65,369,61.5,Fail
STU0363,Hasini Chand,6,D,Female,49,62,17,58,53,54,293,48.83,Fail
STU0364,Rithika Raju,6,B,Female,32,53,71,56,49,68,329,54.83,Fail
STU0365,Suresh Goud,7,D,Male,77,81,62,22,80,35,357,59.5,Fail
STU0366,Prasad Shetty,9,B,Male,82,87,18,37,39,40,303,50.5,Fail
STU0367,Mahesh Naidu,9,A,Male,61,40,50,62,74,79,366,61.0,Pass
STU0368,Meghana Kumar,6,B,Female,62,77,91,72,37,75,414,69.0,Pass
STU0369,Madhavi Gupta,8,A,Female,51,18,64,21,35,88,277,46.17,Fail
STU0370,Sai Chand,7,B,Male,49,98,67,80,17,16,327,54.5,Fail
STU0371,Deepika Rao,7,A,Female,43,47,92,54,97,50,383,63.83,Pass
STU0372,Nandini Singh,8,D,Female,47,42,74,53,81,94,391,65.17,Pass
STU0373,Tejaswi Kumar,6,C,Female,86,97,91,92,51,53,470,78.33,Pass
STU0374,Ajay Sharma,8,C,Male,96,56,50,48,98,98,446,74.33,Pass
STU0375,Sravani Rao,10,B,Female,22,91,66,99,55,32,365,60.83,Fail
STU0376,Arjun Raju,8,C,Male,68,66,64,19,89,88,394,65.67,Fail
STU0377,Harish Chand,10,D,Male,100,60,79,53,36,99,427,71.17,Pass
STU0378,Prasad Kumar,9,B,Male,48,86,38,57,98,26,353,58.83,Fail
STU0379,Rajesh Chand,8,D,Male,57,62,48,89,52,74,382,63.67,Pass
STU0380,Ajay Naidu,10,A,Male,75,39,79,30,63,82,368,61.33,Fail
STU0381,Jyothi Naidu,7,B,Female,40,58,67,87,73,33,358,59.67,Fail
STU0382,Sanjana Gupta,6,D,Female,57,95,37,55,96,22,362,60.33,Fail
STU0383,Naveen Prasad,7,B,Male,88,35,77,26,31,93,350,58.33,Fail
STU0384,Meghana Chowdary,9,D,Female,76,64,15,19,83,40,297,49.5,Fail
STU0385,Priya Murthy,10,B,Female,17,15,95,46,43,59,275,45.83,Fail
STU0386,Lakshmi Kumar,9,C,Female,36,23,20,53,52,73,257,42.83,Fail
STU0387,Jyothi Rao,8,D,Female,60,39,36,66,17,44,262,43.67,Fail
STU0388,Charan Rao,7,A,Male,90,79,36,30,61,98,394,65.67,Fail
STU0389,Vijay Prasad,10,A,Male,91,21,99,28,98,17,354,59.0,Fail
STU0390,Tarun Kumar,9,D,Male,63,30,85,47,75,34,334,55.67,Fail
STU0391,Tarun Reddy,8,D,Male,99,27,99,81,49,94,449,74.83,Fail
STU0392,Sanjay Kumar,10,A,Male,51,29,28,78,40,92,318,53.0,Fail
STU0393,Pavan Prasad,10,B,Male,60,67,52,35,20,85,319,53.17,Fail
STU0394,Deepika Varma,9,C,Female,45,15,16,100,26,29,231,38.5,Fail
STU0395,Lakshmi Sharma,10,A,Female,27,47,97,44,73,52,340,56.67,Fail
STU0396,Sunitha Naidu,6,B,Female,20,52,61,55,69,29,286,47.67,Fail
STU0397,Sai Naidu,6,B,Male,99,97,36,57,60,71,420,70.0,Pass
STU0398,Nandini Sharma,8,C,Female,38,29,66,66,73,49,321,53.5,Fail
STU0399,Hasini Raju,9,B,Female,29,31,22,35,28,68,213,35.5,Fail
STU0400,Pooja Iyer,9,B,Female,93,63,60,93,18,31,358,59.67,Fail
STU0401,Deepika Raju,6,D,Female,71,20,23,48,98,55,315,52.5,Fail
STU0402,Tarun Shetty,10,B,Male,100,58,81,81,94,27,441,73.5,Fail
STU0403,Pranavi Chand,9,C,Female,99,97,64,34,86,93,473,78.83,Fail
STU0404,Rahul Gupta,10,D,Male,78,36,24,77,56,45,316,52.67,Fail
STU0405,Bhavani Naidu,10,B,Female,85,97,63,66,45,25,381,63.5,Fail
STU0406,Sunitha Iyer,9,A,Female,78,72,55,30,78,98,411,68.5,Fail
STU0407,Arun Singh,9,A,Male,86,85,15,26,92,94,398,66.33,Fail
STU0408,Nandini Shetty,10,B,Female,98,100,73,58,61,21,411,68.5,Fail
STU0409,Sai Goud,8,D,Male,99,61,72,29,27,99,387,64.5,Fail
STU0410,Rahul Murthy,8,C,Male,85,81,62,28,20,36,312,52.0,Fail
STU0411,Lakshmi Chowdary,6,C,Female,93,40,39,30,65,42,309,51.5,Fail
STU0412,Rithika Varma,8,A,Female,68,20,96,90,30,72,376,62.67,Fail
STU0413,Pranavi Iyer,10,B,Female,78,15,82,21,85,70,351,58.5,Fail
STU0414,Deepika Shetty,7,B,Female,31,28,64,99,91,92,405,67.5,Fail
STU0415,Manasa Singh,9,B,Female,50,65,58,52,72,32,329,54.83,Fail
STU0416,Sanjay Nair,10,C,Male,85,55,85,95,42,40,402,67.0,Pass
STU0417,Manoj Babu,8,B,Male,98,37,79,84,96,56,450,75.0,Pass
STU0418,Pavan Patel,10,D,Male,89,88,100,68,83,51,479,79.83,Pass
STU0419,Pooja Reddy,10,A,Female,18,63,33,21,100,22,257,42.83,Fail
STU0420,Ganesh Gupta,8,C,Male,33,22,52,41,84,19,251,41.83,Fail
STU0421,Rithika Goud,6,B,Female,97,86,64,45,80,51,423,70.5,Pass
STU0422,Vamsi Singh,9,D,Male,55,85,21,16,47,40,264,44.0,Fail
STU0423,Rithika Chand,8,B,Female,39,52,72,37,24,38,262,43.67,Fail
STU0424,Charan Shetty,6,D,Male,20,69,50,86,48,31,304,50.67,Fail
STU0425,Deepak Prasad,6,C,Male,74,34,20,34,56,91,309,51.5,Fail
STU0426,Pavan Nair,8,D,Male,88,85,60,24,55,82,394,65.67,Fail
STU0427,Ravi Shetty,6,B,Male,68,84,83,66,26,59,386,64.33,Fail
STU0428,Krishna Varma,8,C,Male,61,52,42,94,82,75,406,67.67,Pass
STU0429,Arun Patel,9,B,Male,97,93,94,46,20,56,406,67.67,Fail
STU0430,Deepika Kumar,9,C,Female,84,51,18,81,62,80,376,62.67,Fail
STU0431,Anusha Naidu,8,B,Female,56,80,25,27,36,83,307,51.17,Fail
STU0432,Arjun Sharma,7,B,Male,69,28,41,83,70,97,388,64.67,Fail
STU0433,Charan Rao,6,D,Male,57,19,26,24,21,37,184,30.67,Fail
STU0434,Sahithi Sharma,10,B,Female,48,67,64,72,95,66,412,68.67,Pass
STU0435,Kavitha Reddy,9,A,Female,83,15,97,94,23,89,401,66.83,Fail
STU0436,Tarun Sharma,8,A,Male,52,53,92,26,51,71,345,57.5,Fail
STU0437,Revathi Reddy,9,B,Female,83,43,32,65,84,52,359,59.83,Fail
STU0438,Prasad Patel,6,B,Male,30,20,15,88,91,65,309,51.5,Fail
STU0439,Prasad Varma,8,B,Male,67,97,80,33,35,38,350,58.33,Fail
STU0440,Manoj Prasad,7,A,Male,38,100,87,21,85,74,405,67.5,Fail
STU0441,Prasad Sharma,8,A,Male,40,89,77,57,60,31,354,59.0,Fail
STU0442,Arun Babu,10,A,Male,39,55,77,72,57,93,393,65.5,Pass
STU0443,Hasini Iyer,7,C,Female,55,69,36,15,55,46,276,46.0,Fail
STU0444,Tarun Chowdary,8,C,Male,32,57,76,74,72,60,371,61.83,Fail
STU0445,Anusha Das,6,B,Female,97,92,25,50,32,83,379,63.17,Fail
STU0446,Ganesh Sharma,6,A,Male,79,95,18,89,89,66,436,72.67,Fail
STU0447,Vamsi Naidu,10,C,Male,84,84,75,98,34,61,436,72.67,Fail
STU0448,Mounika Iyer,8,B,Female,74,79,80,26,65,61,385,64.17,Fail
STU0449,Varun Chand,10,B,Male,80,32,72,35,37,87,343,57.17,Fail
STU0450,Charan Raju,8,A,Male,43,77,44,23,48,62,297,49.5,Fail
STU0451,Venkat Varma,10,C,Male,64,75,73,20,20,98,350,58.33,Fail
STU0452,Keerthi Shetty,8,C,Female,89,84,87,37,63,98,458,76.33,Pass
STU0453,Madhavi Iyer,6,C,Female,63,43,81,66,60,59,372,62.0,Pass
STU0454,Pooja Raju,10,A,Female,79,32,71,36,44,24,286,47.67,Fail
STU0455,Sravani Rao,7,B,Female,61,92,30,99,44,68,394,65.67,Fail
STU0456,Vaishali Kumar,9,D,Female,76,41,90,35,97,67,406,67.67,Pass
STU0457,Mahesh Naidu,7,B,Male,32,95,80,20,88,33,348,58.0,Fail
STU0458,Ravi Prasad,7,D,Male,91,87,96,17,99,51,441,73.5,Fail
STU0459,Suresh Goud,10,D,Male,76,36,43,67,91,33,346,57.67,Fail
STU0460,Manoj Shetty,8,B,Male,58,73,91,90,23,44,379,63.17,Fail
STU0461,Revathi Rao,6,A,Female,40,81,79,68,34,92,394,65.67,Fail
STU0462,Ravi Raju,10,A,Male,83,79,30,26,76,99,393,65.5,Fail
STU0463,Krishna Nair,10,A,Male,98,70,81,68,62,20,399,66.5,Fail
STU0464,Mounika Raju,9,C,Female,90,88,27,69,32,47,353,58.83,Fail
STU0465,Sneha Chand,6,C,Female,91,84,67,47,39,15,343,57.17,Fail
STU0466,Deepak Shetty,6,A,Male,63,98,41,55,67,61,385,64.17,Pass
STU0467,Kiran Chowdary,10,C,Male,48,83,69,87,61,93,441,73.5,Pass
STU0468,Pranavi Singh,7,D,Female,85,86,76,37,62,86,432,72.0,Pass
STU0469,Bhavani Babu,10,C,Female,65,32,99,30,44,72,342,57.0,Fail
STU0470,Arun Varma,10,D,Male,58,85,93,21,35,64,356,59.33,Fail
STU0471,Rohit Sharma,7,D,Male,91,70,26,23,48,43,301,50.17,Fail
STU0472,Divya Nair,6,D,Female,66,93,98,81,51,91,480,80.0,Pass
STU0473,Pavan Gupta,9,D,Male,16,40,99,81,51,39,326,54.33,Fail
STU0474,Rohit Nair,10,B,Male,93,36,19,61,45,98,352,58.67,Fail
STU0475,Ravi Sharma,8,D,Male,60,100,65,66,90,40,421,70.17,Pass
STU0476,Charan Sharma,6,C,Male,86,89,59,59,50,43,386,64.33,Pass
STU0477,Naveen Singh,10,A,Male,48,37,67,79,28,86,345,57.5,Fail
STU0478,Ramesh Babu,8,A,Male,80,47,83,88,47,71,416,69.33,Pass
STU0479,Tejaswi Raju,7,C,Female,73,73,90,18,76,29,359,59.83,Fail
STU0480,Divya Singh,7,B,Female,55,67,60,81,83,16,362,60.33,Fail
STU0481,Mounika Babu,6,D,Female,58,24,85,37,75,55,334,55.67,Fail
STU0482,Sravani Iyer,8,B,Female,39,78,40,45,45,48,295,49.17,Pass
STU0483,Mahesh Varma,7,C,Male,34,28,30,25,99,78,294,49.0,Fail
STU0484,Pavan Das,6,D,Male,62,94,55,78,88,50,427,71.17,Pass
STU0485,Anitha Shetty,8,D,Female,43,88,31,21,82,69,334,55.67,Fail
STU0486,Sahithi Naidu,10,C,Female,65,37,73,30,81,73,359,59.83,Fail
STU0487,Hasini Reddy,6,B,Female,63,89,27,56,61,93,389,64.83,Fail
STU0488,Anitha Das,8,B,Female,49,75,93,58,61,38,374,62.33,Pass
STU0489,Jyothi Varma,9,C,Female,61,66,50,72,38,88,375,62.5,Pass
STU0490,Deepak Chand,6,C,Male,45,86,70,63,40,33,337,56.17,Fail
STU0491,Ajay Reddy,7,D,Male,78,32,95,81,83,55,424,70.67,Fail
STU0492,Sirisha Prasad,10,A,Female,65,27,35,22,42,47,238,39.67,Fail
STU0493,Rithika Kumar,9,C,Female,48,61,61,86,86,47,389,64.83,Pass
STU0494,Priya Chowdary,6,C,Female,92,40,88,88,98,98,504,84.0,Pass
STU0495,Pavan Babu,8,C,Male,80,77,72,25,63,93,410,68.33,Fail
STU0496,Sunitha Rao,7,C,Female,68,95,93,88,66,24,434,72.33,Fail
STU0497,Ravi Murthy,7,C,Male,55,98,52,49,92,97,443,73.83,Pass
STU0498,Bhavani Goud,8,D,Female,67,36,38,17,31,45,234,39.0,Fail
STU0499,Vaishali Sharma,7,B,Female,65,28,27,23,75,85,303,50.5,Fail
STU0500,Rahul Singh,10,A,Male,28,48,94,34,25,98,327,54.5,Fail
